<?xml version="1.0" encoding="UTF-8"?>
<beans xmlns="http://www.springframework.org/schema/beans"
       xmlns:xsi="http://www.w3.org/2001/XMLSchema-instance"
       xsi:schemaLocation="http://www.springframework.org/schema/beans
        https://www.springframework.org/schema/beans/spring-beans.xsd">
    <bean id="helloSpring" class="com.itheima.HelloSpring">
        <property name="username" value="张三"></property>
    </bean>
    <bean id="userDao" class="com.itheima.dao.impl.UserDaoImpl"></bean>
    <bean id="userService" class="com.itheima.service.impl.UserServiceImpl">
        <property name="userDao" ref="userDao"></property>
    </bean>
</beans>