<?xml version="1.0" encoding="UTF-8"?>
<beans xmlns="http://www.springframework.org/schema/beans"
       xmlns:xsi="http://www.w3.org/2001/XMLSchema-instance"
       xsi:schemaLocation="http://www.springframework.org/schema/beans
        https://www.springframework.org/schema/beans/spring-beans.xsd">
    <bean id="user2" class="com.itheima.User2">
        <property name="id" value="2"></property>
        <property name="name" value="李四"></property>
        <property name="password" value="456"></property>
    </bean>
</beans>