<?xml version="1.0" encoding="UTF-8"?>
<beans xmlns="http://www.springframework.org/schema/beans"
       xmlns:xsi="http://www.w3.org/2001/XMLSchema-instance"
       xsi:schemaLocation="http://www.springframework.org/schema/beans
        https://www.springframework.org/schema/beans/spring-beans.xsd">
    <bean id="user1" class="com.itheima.User1">
        <constructor-arg name="id" value="1"></constructor-arg>
        <constructor-arg name="name" value="张三"></constructor-arg>
        <constructor-arg name="password" value="123"></constructor-arg>
    </bean>
</beans>