<?xml version="1.0" encoding="UTF-8" ?>
<!DOCTYPE mapper
        PUBLIC "-//mybatis.org//DTD Mapper 3.0//EN"
        "http://mybatis.org/dtd/mybatis-3-mapper.dtd">

<mapper namespace="com.itheima.mapper.OrdersMapper">
    <select id="findOrdersWithPorduct" parameterType="Integer" resultMap="OrdersWithProductResult">
        select *
        from tb_orders
        where id = #{id}
    </select>
    <resultMap type="Orders" id="OrdersWithProductResult">
        <id property="id" column="id"/>
        <result property="number" column="number"/>
        <collection property="productList" column="id" ofType="Product"
                    select="com.itheima.mapper.ProductMapper.findProductById">
        </collection>
    </resultMap>

    <select id="findOrdersWithPorduct2" parameterType="Integer" resultMap="OrdersWithPorductResult2">
        select o.*, p.id as pid, p.name, p.price
        from tb_orders o,
             tb_product p,
             tb_ordersitem oi
        where oi.orders_id = o.id
          and oi.product_id = p.id
          and o.id = #{id}
    </select>
    <resultMap type="Orders" id="OrdersWithPorductResult2">
        <id property="id" column="id"/>
        <result property="number" column="number"/>
        <collection property="productList" ofType="Product">
            <id property="id" column="pid"/>
            <result property="name" column="name"/>
            <result property="price" column="price"/>
        </collection>
    </resultMap>
</mapper>