<?xml version="1.0" encoding="UTF-8" ?>
<!DOCTYPE mapper
        PUBLIC "-//mybatis.org//DTD Mapper 3.0//EN"
        "http://mybatis.org/dtd/mybatis-3-mapper.dtd">
<mapper namespace="com.itheima.mapper.UsersMapper">
    <select id="findUserWithOrders" parameterType="Integer" resultMap="UserWithOrdersResult">
        select u.* o.id as orders_id,o.number
        from tb_user u,
             tb_orders o
        where u.id = o.uer_id
          and u.id = #{id}
    </select>
    <resultMap type="Users" id="UserWithOrdersResult">
        <id property="id" column="id"/>
        <result property="username" column="username"/>
        <result property="address" column="address"/>
        <collection property="ordersList" ofType="Orders">
            <id property="id" column="number"/>
            <result property="number" column="number"/>
        </collection>
    </resultMap>
</mapper>