<?xml version="1.0" encoding="UTF-8" ?>
<!DOCTYPE configuration
        PUBLIC "-//mybatis.org//DTD Config 3.0//EN"
        "http://mybatis.org/dtd/mybatis-3-config.dtd">

<configuration>
    <!--特性-->
    <properties resource="db.properties"/>

    <!--设置-->

    <settings>
        <setting name="lazyLoadingEnabled" value="true"/>
        <setting name="aggressiveLazyLoading" value="false"/>
        <setting name="cacheEnabled" value="true"/>
    </settings>


    <!--类型别名-->
    <typeAliases>
        <package name="com.itheima.pojo"/>
    </typeAliases>

    <!--环境-->
    <environments default="development">
        <environment id="development">
            <transactionManager type="JDBC"/>
            <dataSource type="POOLED">
                <property name="driver" value="com.mysql.cj.jdbc.Driver"/>
                <property name="url"
                          value="jdbc:mysql:///mybatis?useSSL=false&amp;serverTimezone=UTC&amp;allowPublicKeyRetrieval=true"/>
                <property name="username" value="root"/>
                <property name="password" value="225323083"/>
            </dataSource>
        </environment>
    </environments>

    <!--映射器-->
    <mappers>
        <mapper resource="com/itheima/mapper/UsersMapper.xml"/>
        <mapper resource="com/itheima/mapper/IdCardMapper.xml"/>
        <mapper resource="com/itheima/mapper/PersonMapper.xml"/>
        <mapper resource="com/itheima/mapper/OrdersMapper.xml"/>
        <mapper resource="com/itheima/mapper/ProductMapper.xml"/>
        <mapper resource="com/itheima/mapper/BookMapper.xml"/>
        <mapper class="com.itheima.dao.WorkerMapper"/>
        <mapper class="com.itheima.dao.IdCardMapper"/>
        <mapper class="com.itheima.dao.PersonMapper"/>
        <mapper class="com.itheima.dao.UsersMapper"/>
        <mapper class="com.itheima.dao.OrdersMapper"/>
        <mapper class="com.itheima.dao.ProductMapper"/>
    </mappers>
</configuration>