<?xml version="1.0" encoding="UTF-8" ?>
<!DOCTYPE configuration
        PUBLIC "-//mybatis.org//DTD Config 3.0//EN"
        "http://mybatis.org/dtd/mybatis-3-config.dtd">
<configuration>
    <properties resource="db.properties"/>
    <typeAliases>
        <package name="com.itheima.pojo"/>
    </typeAliases>
    <environments default="development">
        <environment id="development">
            <transactionManager type="JDBC"/>
            <dataSource type="POOLED">
                <property name="driver" value="com.mysql.cj.jdbc.Driver"/>
                <property name="url" value="jdbc:mysql:///mybatis?useSSL=false&amp;serverTimezone=UTC&amp;allowPublicKeyRetrieval=true"/>
                <property name="username" value="root"/>
                <property name="password" value="225323083"/>
            </dataSource>
        </environment>
    </environments>
    <mappers>
        <mapper resource="com/itheima/mapper/IdCardMapper.xml"/>
        <mapper resource="com/itheima/mapper/PersonMapper.xml"/>
    </mappers>
</configuration>