<?xml version="1.0" encoding="UTF-8"?>
<beans xmlns="http://www.springframework.org/schema/beans"
       xmlns:xsi="http://www.w3.org/2001/XMLSchema-instance"
       xmlns:aop="http://www.springframework.org/schema/aop"
       xsi:schemaLocation="http://www.springframework.org/schema/beans
        https://www.springframework.org/schema/beans/spring-beans.xsd
        http://www.springframework.org/schema/aop
        https://www.springframework.org/schema/aop/spring-aop.xsd">

    <bean name="userDao" class="com.itheima.demo03.UserDaoImpl"/>
    <bean name="xmlAdvice" class="com.itheima.demo03.XmlAdvice"/>

    <aop:config>
        <aop:pointcut id="pointcut" expression="execution(* com.itheima.demo03.UserDaoImpl.*(..))"/>
        <aop:aspect ref="xmlAdvice">
            <aop:before method="before" pointcut-ref="pointcut"/>
            <aop:after-returning method="afterReturning" pointcut-ref="pointcut"/>
            <aop:around method="around" pointcut-ref="pointcut"/>
            <aop:after-throwing method="after" pointcut-ref="pointcut"/>
        </aop:aspect>
    </aop:config>
</beans>